run,iters,learning_rate,layers,embedding_dim,heads,context_length,position_encoding,parameters,initial_loss,final_loss,train_seconds
control_1000,1000,0.001,2,128,4,128,True,502656,6.561903953552246,0.023197470232844353,51.62918305397034
L1_E128_lr0.001,1000,0.001,1,128,4,128,True,304384,6.56781005859375,0.026525406166911125,30.25695514678955
L2_E128_lr0.0001,1000,0.0001,2,128,4,128,True,502656,6.561903953552246,0.6895711421966553,52.43284034729004
L2_E128_lr0.001,2000,0.001,2,128,4,128,True,502656,6.561903953552246,0.02578936517238617,103.5980966091156
L2_E128_lr0.01,1000,0.01,2,128,4,128,True,502656,6.561903953552246,0.041300609707832336,89.51612520217896
L2_E128_T32_lr0.001,1000,0.001,2,128,4,32,True,490368,6.570554733276367,0.09570173174142838,23.488105297088623
L2_E256_lr0.001,1000,0.001,2,256,8,128,True,1791744,6.625895977020264,0.021900750696659088,111.01973080635071
L2_E64_lr0.001,1000,0.001,2,64,2,128,True,153024,6.568025588989258,0.05480149760842323,29.180165767669678
L4_E128_lr0.001,1000,0.001,4,128,4,128,True,899200,6.603752613067627,0.024179082363843918,93.58665752410889
no_pos,1000,0.001,2,128,4,128,False,486272,6.605677604675293,0.026478158310055733,51.42893743515015
