iteration,loss
1,6.570554733276367
2,6.336859703063965
3,6.246709823608398
4,6.194822311401367
5,6.129064083099365
6,6.044183254241943
7,6.02134370803833
8,6.014657020568848
9,5.91759729385376
10,5.874026775360107
11,5.803410053253174
12,5.7393035888671875
13,5.682041645050049
14,5.6504411697387695
15,5.594651699066162
16,5.5851664543151855
17,5.56335973739624
18,5.5273213386535645
19,5.498804569244385
20,5.515267848968506
21,5.4916582107543945
22,5.428801536560059
23,5.36696195602417
24,5.342220783233643
25,5.259932041168213
26,5.271921157836914
27,5.258426189422607
28,5.215468883514404
29,5.197808742523193
30,5.132639408111572
31,5.037411689758301
32,5.007497310638428
33,4.949150085449219
34,4.997865200042725
35,4.860983848571777
36,4.854416847229004
37,4.785317420959473
38,4.7377543449401855
39,4.731832504272461
40,4.660437107086182
41,4.610114574432373
42,4.608353137969971
43,4.5181145668029785
44,4.500935077667236
45,4.477324962615967
46,4.464568614959717
47,4.47144889831543
48,4.279145240783691
49,4.319281101226807
50,4.342177867889404
51,4.237569808959961
52,4.18557596206665
53,4.150421619415283
54,4.120210647583008
55,4.106443405151367
56,4.009781837463379
57,4.018821716308594
58,3.9150876998901367
59,3.9396238327026367
60,3.9218697547912598
61,3.8632030487060547
62,3.850778102874756
63,3.736236572265625
64,3.6561450958251953
65,3.748979091644287
66,3.642761468887329
67,3.6236953735351562
68,3.589432716369629
69,3.5503575801849365
70,3.588740587234497
71,3.5228707790374756
72,3.435046434402466
73,3.490584135055542
74,3.390592336654663
75,3.3321781158447266
76,3.30159068107605
77,3.3382720947265625
78,3.3245582580566406
79,3.2902326583862305
80,3.1699302196502686
81,3.132134437561035
82,3.042958974838257
83,3.039874315261841
84,2.9845471382141113
85,3.124377727508545
86,2.9884650707244873
87,3.025573253631592
88,2.896505355834961
89,2.8853919506073
90,2.8376333713531494
91,2.920344591140747
92,2.8302834033966064
93,2.7418596744537354
94,2.7048683166503906
95,2.7099626064300537
96,2.7319769859313965
97,2.737211227416992
98,2.631415843963623
99,2.615474224090576
100,2.6180758476257324
101,2.4926962852478027
102,2.4991674423217773
103,2.3889875411987305
104,2.4008781909942627
105,2.3611645698547363
106,2.3604183197021484
107,2.346841335296631
108,2.369614839553833
109,2.3286566734313965
110,2.277297258377075
111,2.186903238296509
112,2.188819169998169
113,2.1076478958129883
114,2.209296464920044
115,2.1753265857696533
116,2.0467000007629395
117,2.035720109939575
118,2.0515193939208984
119,1.9494973421096802
120,2.0489299297332764
121,1.9918007850646973
122,1.939448595046997
123,1.8789126873016357
124,1.8935134410858154
125,1.8632389307022095
126,1.826143741607666
127,1.7723617553710938
128,1.7989306449890137
129,1.7677935361862183
130,1.7526884078979492
131,1.635940432548523
132,1.6515730619430542
133,1.6503342390060425
134,1.4869259595870972
135,1.5670995712280273
136,1.5510597229003906
137,1.5689526796340942
138,1.5091216564178467
139,1.4921321868896484
140,1.4203218221664429
141,1.4638631343841553
142,1.4071846008300781
143,1.3706902265548706
144,1.332901954650879
145,1.2977255582809448
146,1.4092819690704346
147,1.2911622524261475
148,1.294121265411377
149,1.2448490858078003
150,1.268203854560852
151,1.2238134145736694
152,1.171697735786438
153,1.1441954374313354
154,1.1767003536224365
155,1.1610215902328491
156,1.071923851966858
157,1.1050156354904175
158,1.104352593421936
159,1.0455999374389648
160,1.050671935081482
161,0.976038932800293
162,1.012427806854248
163,1.0023325681686401
164,0.9661216139793396
165,0.9777995944023132
166,0.9260005950927734
167,0.9462059736251831
168,0.8906998038291931
169,0.897889256477356
170,0.8735484480857849
171,0.8794321417808533
172,0.8214827179908752
173,0.8549197912216187
174,0.8217689990997314
175,0.7896990776062012
176,0.7553605437278748
177,0.8032262921333313
178,0.7500475645065308
179,0.7025536894798279
180,0.7090992331504822
181,0.6774392127990723
182,0.6926667094230652
183,0.6512366533279419
184,0.6694554090499878
185,0.6467932462692261
186,0.6709463596343994
187,0.6434513330459595
188,0.6271075010299683
189,0.6438506245613098
190,0.5967659950256348
191,0.5837915539741516
192,0.6307172775268555
193,0.569088876247406
194,0.5932350158691406
195,0.5436230301856995
196,0.5272558331489563
197,0.5288956761360168
198,0.5457659959793091
199,0.5113158226013184
200,0.5183818936347961
201,0.5184242725372314
202,0.5239220857620239
203,0.48743581771850586
204,0.5179946422576904
205,0.4941580891609192
206,0.4524541199207306
207,0.4720311164855957
208,0.40786468982696533
209,0.4324755072593689
210,0.4305793344974518
211,0.4366476833820343
212,0.4273482859134674
213,0.39367949962615967
214,0.4334886968135834
215,0.3838624954223633
216,0.38492339849472046
217,0.385506272315979
218,0.45706769824028015
219,0.40104055404663086
220,0.35217446088790894
221,0.37859010696411133
222,0.3372552692890167
223,0.32855135202407837
224,0.33758634328842163
225,0.3724980056285858
226,0.38069963455200195
227,0.3698384463787079
228,0.350090891122818
229,0.32478779554367065
230,0.3679813742637634
231,0.3255241811275482
232,0.32111555337905884
233,0.3283084034919739
234,0.31605038046836853
235,0.2963184416294098
236,0.3116340637207031
237,0.29180440306663513
238,0.3051506280899048
239,0.3104656934738159
240,0.3414016664028168
241,0.3034239411354065
242,0.29395538568496704
243,0.2789890170097351
244,0.2630266845226288
245,0.2831011414527893
246,0.2876971960067749
247,0.301837682723999
248,0.26990100741386414
249,0.29348814487457275
250,0.27784955501556396
251,0.2651529312133789
252,0.2620808184146881
253,0.2886078655719757
254,0.28295964002609253
255,0.2787032127380371
256,0.269065260887146
257,0.2417060285806656
258,0.2534817159175873
259,0.27936601638793945
260,0.24204033613204956
261,0.2541842758655548
262,0.26693931221961975
263,0.23429636657238007
264,0.2555983364582062
265,0.2177838683128357
266,0.2481532245874405
267,0.2500593960285187
268,0.255166232585907
269,0.21880848705768585
270,0.2276809960603714
271,0.23664233088493347
272,0.2425941824913025
273,0.22345027327537537
274,0.22424378991127014
275,0.22306783497333527
276,0.19905897974967957
277,0.2511727511882782
278,0.23172642290592194
279,0.2599826157093048
280,0.19850361347198486
281,0.2607448995113373
282,0.2349632829427719
283,0.21373066306114197
284,0.20747670531272888
285,0.20526903867721558
286,0.23396708071231842
287,0.22552500665187836
288,0.22759826481342316
289,0.23080971837043762
290,0.19356192648410797
291,0.2480446696281433
292,0.20549385249614716
293,0.22079883515834808
294,0.2289348989725113
295,0.19205933809280396
296,0.21822695434093475
297,0.21565507352352142
298,0.17741696536540985
299,0.2068200707435608
300,0.2024959921836853
301,0.23701030015945435
302,0.20535454154014587
303,0.2085031270980835
304,0.21316716074943542
305,0.17159505188465118
306,0.19974583387374878
307,0.20945651829242706
308,0.1939655840396881
309,0.2225012332201004
310,0.21561408042907715
311,0.192716583609581
312,0.20508168637752533
313,0.17899058759212494
314,0.2099779099225998
315,0.2059357911348343
316,0.17167088389396667
317,0.19171342253684998
318,0.21000899374485016
319,0.1702907383441925
320,0.15760250389575958
321,0.1758965700864792
322,0.16244712471961975
323,0.17954528331756592
324,0.16964487731456757
325,0.2149248719215393
326,0.15750673413276672
327,0.19834072887897491
328,0.1868286281824112
329,0.1948692798614502
330,0.16757284104824066
331,0.1810096800327301
332,0.1970449537038803
333,0.18095777928829193
334,0.19308528304100037
335,0.18904606997966766
336,0.18309660255908966
337,0.1912773847579956
338,0.17547470331192017
339,0.18237151205539703
340,0.1698668748140335
341,0.17247077822685242
342,0.1848415583372116
343,0.15010282397270203
344,0.19625240564346313
345,0.17468933761119843
346,0.1745702475309372
347,0.16211870312690735
348,0.16383697092533112
349,0.18764744699001312
350,0.17799438536167145
351,0.1900772601366043
352,0.1692287027835846
353,0.15669453144073486
354,0.18812711536884308
355,0.1967030018568039
356,0.18942834436893463
357,0.17330239713191986
358,0.1491675078868866
359,0.16270135343074799
360,0.19163556396961212
361,0.18888625502586365
362,0.17680999636650085
363,0.16967187821865082
364,0.19976963102817535
365,0.19735027849674225
366,0.15772973001003265
367,0.15269999206066132
368,0.2256019115447998
369,0.1741476207971573
370,0.18644949793815613
371,0.1816822588443756
372,0.17113687098026276
373,0.1707369089126587
374,0.16431273519992828
375,0.1245412603020668
376,0.15896545350551605
377,0.16457726061344147
378,0.17063629627227783
379,0.17481949925422668
380,0.1567625254392624
381,0.15604104101657867
382,0.14228087663650513
383,0.15952681005001068
384,0.18786844611167908
385,0.1641121506690979
386,0.14293277263641357
387,0.16025018692016602
388,0.16157285869121552
389,0.19014307856559753
390,0.17037004232406616
391,0.17195089161396027
392,0.14194341003894806
393,0.1563049703836441
394,0.14886073768138885
395,0.1726662516593933
396,0.17669688165187836
397,0.18542858958244324
398,0.18406522274017334
399,0.1731257289648056
400,0.1887846142053604
401,0.14719954133033752
402,0.13877341151237488
403,0.14242959022521973
404,0.16310685873031616
405,0.16444629430770874
406,0.1747521460056305
407,0.14594529569149017
408,0.16553758084774017
409,0.17670771479606628
410,0.1526404172182083
411,0.1697058528661728
412,0.1589743047952652
413,0.14125536382198334
414,0.16818735003471375
415,0.1360510289669037
416,0.14054933190345764
417,0.14379115402698517
418,0.17569668591022491
419,0.14032192528247833
420,0.15714547038078308
421,0.15487757325172424
422,0.135978102684021
423,0.13872532546520233
424,0.17022302746772766
425,0.13763317465782166
426,0.12639117240905762
427,0.17184461653232574
428,0.15707936882972717
429,0.14330677688121796
430,0.1530444175004959
431,0.18498273193836212
432,0.14921456575393677
433,0.19063454866409302
434,0.17389646172523499
435,0.1436716616153717
436,0.14013001322746277
437,0.12530454993247986
438,0.14958760142326355
439,0.18532206118106842
440,0.1636073887348175
441,0.15541908144950867
442,0.17475630342960358
443,0.19079501926898956
444,0.18050633370876312
445,0.14494553208351135
446,0.1547183245420456
447,0.12114908546209335
448,0.12983030080795288
449,0.13339805603027344
450,0.14953088760375977
451,0.13490521907806396
452,0.12739352881908417
453,0.15966685116291046
454,0.14609265327453613
455,0.143335223197937
456,0.13156242668628693
457,0.12997250258922577
458,0.17926563322544098
459,0.11272446066141129
460,0.12355180084705353
461,0.13444939255714417
462,0.12802714109420776
463,0.11960197240114212
464,0.12074291706085205
465,0.13076984882354736
466,0.11583051830530167
467,0.1250445544719696
468,0.13477221131324768
469,0.1403658241033554
470,0.14028596878051758
471,0.1339617520570755
472,0.1354905366897583
473,0.1381451040506363
474,0.1475815623998642
475,0.15201516449451447
476,0.12302019447088242
477,0.13987036049365997
478,0.14010240137577057
479,0.15993234515190125
480,0.12720993161201477
481,0.14693015813827515
482,0.13087792694568634
483,0.12817597389221191
484,0.12343117594718933
485,0.12485414743423462
486,0.1403881162405014
487,0.1211991235613823
488,0.12801915407180786
489,0.128334641456604
490,0.13852964341640472
491,0.1353863775730133
492,0.1384543776512146
493,0.130076065659523
494,0.1255180537700653
495,0.15719299018383026
496,0.13578756153583527
497,0.1168675646185875
498,0.12436075508594513
499,0.14321081340312958
500,0.141267791390419
501,0.15832652151584625
502,0.14149653911590576
503,0.10244060307741165
504,0.13161681592464447
505,0.12329019606113434
506,0.13457408547401428
507,0.11594688147306442
508,0.12584829330444336
509,0.14308638870716095
510,0.13361820578575134
511,0.13417986035346985
512,0.12975682318210602
513,0.13577787578105927
514,0.12557841837406158
515,0.13373617827892303
516,0.1444755345582962
517,0.1695152223110199
518,0.12822693586349487
519,0.10212115198373795
520,0.11178389936685562
521,0.1205105260014534
522,0.12346288561820984
523,0.12203538417816162
524,0.10431241989135742
525,0.11382874846458435
526,0.14044363796710968
527,0.14246943593025208
528,0.1168612390756607
529,0.14262348413467407
530,0.13985906541347504
531,0.13864454627037048
532,0.12461375445127487
533,0.11917751282453537
534,0.1186298206448555
535,0.14606095850467682
536,0.13740582764148712
537,0.11349958181381226
538,0.13246363401412964
539,0.10926933586597443
540,0.11828218400478363
541,0.11854274570941925
542,0.13689464330673218
543,0.1157999187707901
544,0.10566659271717072
545,0.12053623795509338
546,0.1008845791220665
547,0.10249895602464676
548,0.10636425763368607
549,0.1317804455757141
550,0.12132303416728973
551,0.1294596940279007
552,0.12443235516548157
553,0.12583015859127045
554,0.1248834952712059
555,0.1289076805114746
556,0.0993209257721901
557,0.12007145583629608
558,0.14037100970745087
559,0.1158221885561943
560,0.1392190307378769
561,0.13590453565120697
562,0.1438876986503601
563,0.10331205278635025
564,0.11974533647298813
565,0.135172039270401
566,0.11606734991073608
567,0.1304238736629486
568,0.13032309710979462
569,0.12403224408626556
570,0.13340282440185547
571,0.12352992594242096
572,0.1567201018333435
573,0.12225373834371567
574,0.11882255971431732
575,0.13238012790679932
576,0.1250327229499817
577,0.14338524639606476
578,0.11340150982141495
579,0.12046419829130173
580,0.12604884803295135
581,0.1145654171705246
582,0.10568089038133621
583,0.1271601766347885
584,0.14135012030601501
585,0.09667573869228363
586,0.11259566247463226
587,0.14820142090320587
588,0.12549695372581482
589,0.16335837543010712
590,0.09728369861841202
591,0.10211244225502014
592,0.14440539479255676
593,0.12763036787509918
594,0.12339696288108826
595,0.11369247734546661
596,0.10632891952991486
597,0.13500572741031647
598,0.14815351366996765
599,0.1473163664340973
600,0.15817566215991974
601,0.11210153251886368
602,0.1204073578119278
603,0.11736433953046799
604,0.13758355379104614
605,0.14066842198371887
606,0.13123786449432373
607,0.11401635408401489
608,0.15178905427455902
609,0.13922064006328583
610,0.11723420768976212
611,0.13715721666812897
612,0.13761232793331146
613,0.11808307468891144
614,0.11382217705249786
615,0.11244864016771317
616,0.14674639701843262
617,0.10670711100101471
618,0.14696480333805084
619,0.11875775456428528
620,0.15922755002975464
621,0.11657680571079254
622,0.11330453306436539
623,0.14259381592273712
624,0.13193853199481964
625,0.11171874403953552
626,0.11574529111385345
627,0.12803728878498077
628,0.1182996928691864
629,0.1294858455657959
630,0.11856275051832199
631,0.14959195256233215
632,0.14220279455184937
633,0.13167767226696014
634,0.1185394898056984
635,0.14095784723758698
636,0.12428871542215347
637,0.13921508193016052
638,0.12728027999401093
639,0.12174570560455322
640,0.13142560422420502
641,0.11413727700710297
642,0.12171576172113419
643,0.11133468896150589
644,0.15471607446670532
645,0.10185204446315765
646,0.12870752811431885
647,0.10892528295516968
648,0.11691729724407196
649,0.12136043608188629
650,0.0952785536646843
651,0.1537291705608368
652,0.10104980319738388
653,0.11568674445152283
654,0.11616723984479904
655,0.1404285728931427
656,0.12585023045539856
657,0.12076851725578308
658,0.11281809955835342
659,0.11695853620767593
660,0.10782964527606964
661,0.12274883687496185
662,0.12683938443660736
663,0.12824836373329163
664,0.14132679998874664
665,0.12315157800912857
666,0.14246632158756256
667,0.10458464175462723
668,0.10865002870559692
669,0.07524564862251282
670,0.1332748681306839
671,0.1055402010679245
672,0.11190152913331985
673,0.13704632222652435
674,0.10554511100053787
675,0.10145166516304016
676,0.15207228064537048
677,0.12076319009065628
678,0.13203679025173187
679,0.11077995598316193
680,0.10374901443719864
681,0.12106978893280029
682,0.12146922200918198
683,0.1633896827697754
684,0.13746000826358795
685,0.11561895906925201
686,0.09691167622804642
687,0.09822583198547363
688,0.1382744461297989
689,0.09956655651330948
690,0.10850048810243607
691,0.12275737524032593
692,0.08785685151815414
693,0.12421559542417526
694,0.10700933635234833
695,0.11649088561534882
696,0.10803908854722977
697,0.08588721603155136
698,0.11025416105985641
699,0.11319664865732193
700,0.12543268501758575
701,0.1045139878988266
702,0.1265317052602768
703,0.11320475488901138
704,0.11878443509340286
705,0.1100456640124321
706,0.1156240701675415
707,0.09768181294202805
708,0.11370881646871567
709,0.10946649312973022
710,0.13283678889274597
711,0.09410183131694794
712,0.11391618102788925
713,0.07970747351646423
714,0.10916129499673843
715,0.10268969088792801
716,0.11049272865056992
717,0.11992817372083664
718,0.10974446684122086
719,0.11124663800001144
720,0.12069004774093628
721,0.09852317720651627
722,0.11714910715818405
723,0.10854508727788925
724,0.12101008743047714
725,0.10115543752908707
726,0.1182827576994896
727,0.10555341839790344
728,0.09908778220415115
729,0.10898690670728683
730,0.1282164454460144
731,0.13584980368614197
732,0.10950084030628204
733,0.10178171098232269
734,0.09041066467761993
735,0.09661036729812622
736,0.13063114881515503
737,0.1280095875263214
738,0.12114203721284866
739,0.10118605196475983
740,0.13002541661262512
741,0.10912225395441055
742,0.10246916115283966
743,0.09981559216976166
744,0.0994180217385292
745,0.08509829640388489
746,0.10185296088457108
747,0.0923037976026535
748,0.08838914334774017
749,0.08943604677915573
750,0.09293884038925171
751,0.09854182600975037
752,0.1175125390291214
753,0.11343443393707275
754,0.10740068554878235
755,0.09544692933559418
756,0.09844011813402176
757,0.09949279576539993
758,0.10520278662443161
759,0.11054549366235733
760,0.1110091283917427
761,0.10911207646131516
762,0.10622526705265045
763,0.12458273768424988
764,0.13074930012226105
765,0.1073480173945427
766,0.11696875095367432
767,0.10068856924772263
768,0.09547855705022812
769,0.10616804659366608
770,0.11220045387744904
771,0.11252434551715851
772,0.1195177510380745
773,0.12467217445373535
774,0.10293502360582352
775,0.10144957900047302
776,0.11590086668729782
777,0.08057333528995514
778,0.1143839955329895
779,0.10764328390359879
780,0.09275301545858383
781,0.09881698340177536
782,0.12858708202838898
783,0.11100542545318604
784,0.10447809100151062
785,0.10958021879196167
786,0.10760478675365448
787,0.10036829859018326
788,0.105210080742836
789,0.11154960840940475
790,0.10520987957715988
791,0.12109669297933578
792,0.10221906006336212
793,0.11211466789245605
794,0.10357817262411118
795,0.09929351508617401
796,0.10764805227518082
797,0.09354246407747269
798,0.11715362221002579
799,0.11254501342773438
800,0.09882862865924835
801,0.09491729736328125
802,0.08644324541091919
803,0.09348892420530319
804,0.07670098543167114
805,0.09850065410137177
806,0.08671008050441742
807,0.1201125904917717
808,0.09464237838983536
809,0.09322590380907059
810,0.10675706714391708
811,0.10428961366415024
812,0.08583948016166687
813,0.09855402261018753
814,0.12255290150642395
815,0.09314385801553726
816,0.10030286014080048
817,0.10196366906166077
818,0.08741767704486847
819,0.12127966433763504
820,0.10610390454530716
821,0.1281188577413559
822,0.12537120282649994
823,0.09802214801311493
824,0.11259406805038452
825,0.11564085632562637
826,0.11040832847356796
827,0.10929720103740692
828,0.12663675844669342
829,0.1138191744685173
830,0.11220142990350723
831,0.10501106083393097
832,0.11668812483549118
833,0.09991630911827087
834,0.11258134245872498
835,0.07999970763921738
836,0.10172096639871597
837,0.1187053993344307
838,0.12093546241521835
839,0.10659826546907425
840,0.10354486107826233
841,0.09617124497890472
842,0.09175731241703033
843,0.09660187363624573
844,0.11757954210042953
845,0.09898920357227325
846,0.12023866921663284
847,0.09266053140163422
848,0.11356992274522781
849,0.1076139286160469
850,0.1315852254629135
851,0.1031971201300621
852,0.08979959785938263
853,0.1234903633594513
854,0.11537761986255646
855,0.11034473776817322
856,0.09306081384420395
857,0.10992137342691422
858,0.10257391631603241
859,0.13385365903377533
860,0.09573476761579514
861,0.11448757350444794
862,0.07415590435266495
863,0.11351757496595383
864,0.1009073480963707
865,0.10686170309782028
866,0.10093522816896439
867,0.10116978734731674
868,0.12114354968070984
869,0.08915715664625168
870,0.10857338458299637
871,0.09835681319236755
872,0.09191140532493591
873,0.09120339155197144
874,0.11684894561767578
875,0.08427301049232483
876,0.08007810264825821
877,0.1044982299208641
878,0.07925727218389511
879,0.08531755208969116
880,0.08556675165891647
881,0.09589039534330368
882,0.11173021048307419
883,0.11729606240987778
884,0.12311092764139175
885,0.14283551275730133
886,0.10358977317810059
887,0.10458896309137344
888,0.12261410802602768
889,0.07762013375759125
890,0.10852140188217163
891,0.11693044006824493
892,0.11019033938646317
893,0.10255581885576248
894,0.10279810428619385
895,0.12193935364484787
896,0.10969842225313187
897,0.11129254847764969
898,0.12163476645946503
899,0.10350537300109863
900,0.10029681771993637
901,0.12505784630775452
902,0.0793110802769661
903,0.12469316273927689
904,0.12080106884241104
905,0.09901397675275803
906,0.10304789990186691
907,0.10676983743906021
908,0.12443190813064575
909,0.10317118465900421
910,0.11171907931566238
911,0.08876155316829681
912,0.09025860577821732
913,0.10147647559642792
914,0.10083314776420593
915,0.10589660704135895
916,0.09630068391561508
917,0.0894007682800293
918,0.11665541678667068
919,0.11633473634719849
920,0.08440212160348892
921,0.0916014313697815
922,0.13969098031520844
923,0.08759158104658127
924,0.08824098110198975
925,0.12247410416603088
926,0.11855196207761765
927,0.09170164167881012
928,0.10632022470235825
929,0.0957164317369461
930,0.08887264132499695
931,0.1290360391139984
932,0.09092138707637787
933,0.10930707305669785
934,0.08918540179729462
935,0.12675847113132477
936,0.0984811782836914
937,0.11056743562221527
938,0.10382789373397827
939,0.10424140840768814
940,0.09006272256374359
941,0.09441528469324112
942,0.08260004967451096
943,0.09169063717126846
944,0.0944826528429985
945,0.10172758251428604
946,0.11215095967054367
947,0.11276242136955261
948,0.12089671939611435
949,0.09805762767791748
950,0.11297575384378433
951,0.09175632148981094
952,0.11112875491380692
953,0.08606914430856705
954,0.11381500959396362
955,0.09516340494155884
956,0.08186566084623337
957,0.08515960723161697
958,0.0954849123954773
959,0.11276300251483917
960,0.10236930102109909
961,0.1011936143040657
962,0.08599782735109329
963,0.11268582195043564
964,0.10155612975358963
965,0.10740464925765991
966,0.09210634976625443
967,0.07908675074577332
968,0.08209370821714401
969,0.10068655014038086
970,0.10654064267873764
971,0.09632083028554916
972,0.11049361526966095
973,0.08864539861679077
974,0.12503717839717865
975,0.0995585024356842
976,0.09524080157279968
977,0.1067042127251625
978,0.10231015086174011
979,0.12265735119581223
980,0.10947950184345245
981,0.09713319689035416
982,0.11817901581525803
983,0.08629633486270905
984,0.08890138566493988
985,0.11526314169168472
986,0.09525415301322937
987,0.09991148114204407
988,0.0831068903207779
989,0.0961402878165245
990,0.10899920761585236
991,0.11115332692861557
992,0.09661486744880676
993,0.07154666632413864
994,0.11525217443704605
995,0.09060857445001602
996,0.10010182857513428
997,0.10469719022512436
998,0.1061936467885971
999,0.08194565027952194
1000,0.09570173174142838
